transaction_id,aspek1,aspek2,aspek3,rerata,created_at,updated_at
2,4,4,4,4.0,2025-07-10 08:14:57,2025-07-10 08:14:57
3,4,4,4,4.0,2025-07-10 08:14:57,2025-07-10 08:14:57
4,4,4,4,4.0,2025-07-10 08:14:58,2025-07-10 08:14:58
1,4,4,4,4.0,2025-07-10 08:14:58,2025-07-10 08:14:58
5,4,4,4,4.0,2025-07-10 08:16:42,2025-07-10 08:16:42
6,4,4,4,4.0,2025-07-10 08:16:42,2025-07-10 08:16:42
7,4,4,4,4.0,2025-07-10 08:16:43,2025-07-10 08:16:43
8,4,4,4,4.0,2025-07-10 08:16:43,2025-07-10 08:16:43
9,4,4,4,4.0,2025-07-10 08:16:44,2025-07-10 08:16:44
10,4,4,4,4.0,2025-07-10 08:16:44,2025-07-10 08:16:44
11,4,4,4,4.0,2025-07-10 08:16:44,2025-07-10 08:16:44
12,4,4,4,4.0,2025-07-10 08:16:45,2025-07-10 08:16:45
13,4,4,4,4.0,2025-07-10 08:16:45,2025-07-10 08:16:45
14,4,4,4,4.0,2025-07-10 08:19:42,2025-07-10 08:19:42
15,4,4,4,4.0,2025-07-10 08:19:42,2025-07-10 08:19:42
16,4,4,4,4.0,2025-07-10 08:19:43,2025-07-10 08:19:43
17,4,4,4,4.0,2025-07-10 08:19:43,2025-07-10 08:19:43
18,4,4,4,4.0,2025-07-10 08:19:43,2025-07-10 08:19:43
19,4,4,4,4.0,2025-07-10 08:19:44,2025-07-10 08:19:44
20,4,4,4,4.0,2025-07-10 08:19:44,2025-07-10 08:19:44
21,4,4,4,4.0,2025-07-10 08:19:44,2025-07-10 08:19:44
22,4,4,4,4.0,2025-07-10 08:19:45,2025-07-10 08:19:45
23,4,4,4,4.0,2025-07-10 08:22:06,2025-07-10 08:22:06
24,4,4,4,4.0,2025-07-10 08:22:06,2025-07-10 08:22:06
25,4,5,4,4.33,2025-07-10 08:22:06,2025-07-10 08:22:06
26,4,4,4,4.0,2025-07-10 08:22:07,2025-07-10 08:22:07
27,4,4,4,4.0,2025-07-10 08:22:07,2025-07-10 08:22:07
28,4,4,4,4.0,2025-07-10 08:22:08,2025-07-10 08:22:08
29,4,4,4,4.0,2025-07-10 08:23:37,2025-07-10 08:23:37
30,4,4,4,4.0,2025-07-10 08:25:02,2025-07-10 08:25:02
31,4,4,4,4.0,2025-07-10 08:25:02,2025-07-10 08:25:02
32,4,4,4,4.0,2025-07-10 08:25:03,2025-07-10 08:25:03
33,4,4,4,4.0,2025-07-10 08:25:03,2025-07-10 08:25:03
34,4,4,4,4.0,2025-07-10 08:28:04,2025-07-10 08:28:04
35,4,4,4,4.0,2025-07-10 08:28:04,2025-07-10 08:28:04
36,4,4,4,4.0,2025-07-10 08:28:04,2025-07-10 08:28:04
37,4,4,4,4.0,2025-07-10 08:29:37,2025-07-10 08:29:37
38,4,4,4,4.0,2025-07-10 08:29:37,2025-07-10 08:29:37
39,4,4,4,4.0,2025-07-10 08:29:37,2025-07-10 08:29:37
40,4,4,4,4.0,2025-07-10 08:29:38,2025-07-10 08:29:38
41,4,4,4,4.0,2025-07-10 08:29:38,2025-07-10 08:29:38
42,4,4,4,4.0,2025-07-10 08:29:38,2025-07-10 08:29:38
43,4,4,4,4.0,2025-07-10 08:29:39,2025-07-10 08:29:39
44,4,4,4,4.0,2025-07-10 08:29:39,2025-07-10 08:29:39
45,4,4,4,4.0,2025-07-10 08:29:39,2025-07-10 08:29:39
46,4,4,4,4.0,2025-07-10 08:29:40,2025-07-10 08:29:40
47,4,4,4,4.0,2025-07-10 08:29:40,2025-07-10 08:29:40
48,4,4,4,4.0,2025-07-10 08:29:40,2025-07-10 08:29:40
49,4,4,4,4.0,2025-07-10 08:31:02,2025-07-10 08:31:02
50,4,4,4,4.0,2025-07-10 08:31:03,2025-07-10 08:31:03
51,5,5,5,5.0,2025-07-10 08:37:01,2025-07-10 08:37:01
52,4,5,5,4.67,2025-07-10 08:37:02,2025-07-10 08:37:02
53,4,5,5,4.67,2025-07-10 08:37:02,2025-07-10 08:37:02
54,5,4,5,4.67,2025-07-10 08:37:02,2025-07-10 08:37:02
55,5,4,5,4.67,2025-07-10 08:37:03,2025-07-10 08:37:03
56,5,5,5,5.0,2025-07-10 08:37:03,2025-07-10 08:37:03
57,5,4,5,4.67,2025-07-10 08:37:04,2025-07-10 08:37:04
58,5,4,5,4.67,2025-07-10 08:38:25,2025-07-10 08:38:25
59,5,5,4,4.67,2025-07-10 08:38:25,2025-07-10 08:38:25
60,5,4,5,4.67,2025-07-10 08:38:26,2025-07-10 08:38:26
61,5,4,4,4.33,2025-07-10 08:38:26,2025-07-10 08:38:26
62,5,5,5,5.0,2025-07-10 08:38:27,2025-07-10 08:38:27
63,5,5,5,5.0,2025-07-10 08:38:27,2025-07-10 08:38:27
64,5,5,5,5.0,2025-07-10 08:38:28,2025-07-10 08:38:28
65,5,5,5,5.0,2025-07-10 08:40:33,2025-07-10 08:40:33
66,5,4,5,4.67,2025-07-10 08:40:34,2025-07-10 08:40:34
67,5,5,5,5.0,2025-07-10 08:40:34,2025-07-10 08:40:34
68,5,4,5,4.67,2025-07-10 08:40:34,2025-07-10 08:40:34
69,4,5,5,4.67,2025-07-10 08:40:35,2025-07-10 08:40:35
70,4,5,5,4.67,2025-07-10 08:40:35,2025-07-10 08:40:35
71,5,5,5,5.0,2025-07-10 08:41:53,2025-07-10 08:41:53
72,5,5,5,5.0,2025-07-10 08:41:53,2025-07-10 08:41:53
73,5,5,5,5.0,2025-07-10 08:41:53,2025-07-10 08:41:53
74,5,4,5,4.67,2025-07-10 08:44:15,2025-07-10 08:44:15
75,4,5,5,4.67,2025-07-10 08:44:15,2025-07-10 08:44:15
76,4,5,4,4.33,2025-07-10 08:44:15,2025-07-10 08:44:15
77,4,4,4,4.0,2025-07-10 08:44:16,2025-07-10 08:44:16
78,4,5,5,4.67,2025-07-10 08:44:16,2025-07-10 08:44:16
79,4,4,4,4.0,2025-07-10 08:44:17,2025-07-10 08:44:17
80,4,4,5,4.33,2025-07-10 08:46:37,2025-07-10 08:46:37
81,4,4,4,4.0,2025-07-10 08:46:38,2025-07-10 08:46:38
82,4,5,4,4.33,2025-07-10 08:46:38,2025-07-10 08:46:38
83,4,4,5,4.33,2025-07-10 08:46:39,2025-07-10 08:46:39
84,4,5,4,4.33,2025-07-10 08:46:39,2025-07-10 08:46:39
85,4,5,5,4.67,2025-07-10 08:46:39,2025-07-10 08:46:39
86,4,4,4,4.0,2025-07-10 08:46:40,2025-07-10 08:46:40
87,4,4,4,4.0,2025-07-10 08:46:40,2025-07-10 08:46:40
88,4,4,4,4.0,2025-07-10 08:46:40,2025-07-10 08:46:40
89,4,4,4,4.0,2025-07-10 08:46:41,2025-07-10 08:46:41
91,5,5,5,5.0,2025-07-10 08:50:11,2025-07-10 08:50:11
92,5,5,5,5.0,2025-07-10 08:50:11,2025-07-10 08:50:11
93,5,5,5,5.0,2025-07-10 08:50:12,2025-07-10 08:50:12
94,5,5,5,5.0,2025-07-10 08:50:12,2025-07-10 08:50:12
95,5,4,5,4.67,2025-07-10 08:50:12,2025-07-10 08:50:12
96,5,4,5,4.67,2025-07-10 08:50:13,2025-07-10 08:50:13
97,5,4,5,4.67,2025-07-10 08:51:43,2025-07-10 08:51:43
98,5,5,5,5.0,2025-07-10 08:51:43,2025-07-10 08:51:43
99,5,5,5,5.0,2025-07-10 08:57:25,2025-07-10 08:57:25
100,5,4,5,4.67,2025-07-10 08:57:25,2025-07-10 08:57:25
101,5,5,5,5.0,2025-07-10 08:57:25,2025-07-10 08:57:25
102,5,5,5,5.0,2025-07-10 08:57:26,2025-07-10 08:57:26
103,5,4,4,4.33,2025-07-10 08:57:26,2025-07-10 08:57:26
104,5,5,5,5.0,2025-07-10 08:57:27,2025-07-10 08:57:27
105,5,5,5,5.0,2025-07-10 08:57:27,2025-07-10 08:57:27
106,5,5,5,5.0,2025-07-10 08:57:27,2025-07-10 08:57:27
107,5,4,4,4.33,2025-07-10 08:57:28,2025-07-10 08:57:28
108,5,4,4,4.33,2025-07-10 08:57:28,2025-07-10 08:57:28
109,5,4,4,4.33,2025-07-10 08:58:48,2025-07-10 08:58:48
110,5,4,4,4.33,2025-07-10 08:58:48,2025-07-10 08:58:48
111,5,5,5,5.0,2025-07-10 08:58:49,2025-07-10 08:58:49
112,5,4,4,4.33,2025-07-10 08:58:49,2025-07-10 08:58:49
113,5,4,4,4.33,2025-07-10 08:58:50,2025-07-10 08:58:50
114,5,5,5,5.0,2025-07-10 08:58:51,2025-07-10 08:58:51
115,5,4,4,4.33,2025-07-10 08:58:51,2025-07-10 08:58:51
116,5,5,5,5.0,2025-07-10 09:01:33,2025-07-10 09:01:33
117,5,5,5,5.0,2025-07-10 09:01:33,2025-07-10 09:01:33
118,5,4,4,4.33,2025-07-10 09:01:33,2025-07-10 09:01:33
119,5,5,5,5.0,2025-07-10 09:01:34,2025-07-10 09:01:34
120,5,4,4,4.33,2025-07-10 09:01:34,2025-07-10 09:01:34
121,5,4,4,4.33,2025-07-10 09:09:07,2025-07-10 09:09:07
122,5,4,5,4.67,2025-07-10 09:11:17,2025-07-10 09:11:17
123,5,4,4,4.33,2025-07-10 09:12:23,2025-07-10 09:12:23
124,5,5,5,5.0,2025-07-10 09:18:38,2025-07-10 09:18:38
125,5,4,4,4.33,2025-07-10 09:18:39,2025-07-10 09:18:39
126,5,4,4,4.33,2025-07-10 09:20:00,2025-07-10 09:20:00
127,5,4,4,4.33,2025-07-10 09:21:58,2025-07-10 09:21:58
128,5,5,5,5.0,2025-07-10 09:22:49,2025-07-10 09:22:49
129,5,5,5,5.0,2025-07-10 09:22:50,2025-07-10 09:22:50
130,5,5,5,5.0,2025-07-10 09:22:50,2025-07-10 09:22:50
131,5,4,4,4.33,2025-07-10 09:22:50,2025-07-10 09:22:50
132,5,5,5,5.0,2025-07-10 09:29:08,2025-07-10 09:29:08
133,5,5,5,5.0,2025-07-10 09:29:08,2025-07-10 09:29:08
134,5,5,4,4.67,2025-07-10 09:29:09,2025-07-10 09:29:09
135,5,5,4,4.67,2025-07-10 09:30:42,2025-07-10 09:30:42
136,5,5,4,4.67,2025-07-10 09:30:42,2025-07-10 09:30:42
137,5,4,5,4.67,2025-07-10 09:30:43,2025-07-10 09:30:43
138,5,5,5,5.0,2025-07-10 09:30:43,2025-07-10 09:30:43
139,5,5,5,5.0,2025-07-10 09:30:44,2025-07-10 09:30:44
140,5,5,4,4.67,2025-07-10 09:33:34,2025-07-10 09:33:34
141,5,5,5,5.0,2025-07-10 09:33:35,2025-07-10 09:33:35
142,4,5,5,4.67,2025-07-10 09:33:35,2025-07-10 09:33:35
143,4,4,4,4.0,2025-10-15 03:51:40,2025-10-15 03:51:40
144,4,4,4,4.0,2025-10-15 03:51:40,2025-10-15 03:51:40
145,4,5,4,4.33,2025-10-15 03:51:41,2025-10-15 03:51:41
146,4,4,4,4.0,2025-10-15 03:51:41,2025-10-15 03:51:41
147,4,5,4,4.33,2025-10-15 03:51:41,2025-10-15 03:51:41
148,4,4,4,4.0,2025-10-15 03:51:42,2025-10-15 03:51:42
149,4,5,4,4.33,2025-10-15 03:51:42,2025-10-15 03:51:42
150,4,4,4,4.0,2025-10-15 03:51:42,2025-10-15 03:51:42
151,4,5,4,4.33,2025-10-15 03:51:43,2025-10-15 03:51:43
152,4,5,4,4.33,2025-10-15 03:51:43,2025-10-15 03:51:43
153,4,4,4,4.0,2025-10-15 03:51:43,2025-10-15 03:51:43
154,4,4,4,4.0,2025-10-15 03:51:44,2025-10-15 03:51:44
155,4,4,4,4.0,2025-10-15 03:55:14,2025-10-15 03:55:14
156,4,4,4,4.0,2025-10-15 03:55:15,2025-10-15 03:55:15
157,4,5,4,4.33,2025-10-15 03:55:15,2025-10-15 03:55:15
158,4,4,4,4.0,2025-10-15 03:58:47,2025-10-15 03:58:47
159,4,4,4,4.0,2025-10-15 04:09:53,2025-10-15 04:09:53
160,4,5,4,4.33,2025-10-15 04:09:54,2025-10-15 04:09:54
161,4,4,4,4.0,2025-10-15 04:09:54,2025-10-15 04:09:54
162,4,4,4,4.0,2025-10-15 04:12:05,2025-10-15 04:12:05
163,4,5,4,4.33,2025-10-15 04:12:06,2025-10-15 04:12:06
164,4,4,4,4.0,2025-10-15 04:12:06,2025-10-15 04:12:06
165,4,5,4,4.33,2025-10-15 04:16:52,2025-10-15 04:16:52
166,4,4,4,4.0,2025-10-15 04:16:52,2025-10-15 04:16:52
167,4,4,4,4.0,2025-10-15 04:16:52,2025-10-15 04:16:52
168,4,5,4,4.33,2025-10-15 04:16:53,2025-10-15 04:16:53
169,4,4,4,4.0,2025-10-15 04:16:53,2025-10-15 04:16:53
170,4,5,4,4.33,2025-10-15 04:16:53,2025-10-15 04:16:53
171,4,4,4,4.0,2025-10-15 04:16:54,2025-10-15 04:16:54
172,4,4,4,4.0,2025-10-15 04:16:54,2025-10-15 04:16:54
173,4,4,4,4.0,2025-10-15 04:16:54,2025-10-15 04:16:54
174,5,5,5,5.0,2025-10-15 04:20:46,2025-10-15 04:20:46
175,4,5,5,4.67,2025-10-15 04:20:46,2025-10-15 04:20:46
176,4,5,5,4.67,2025-10-15 04:20:47,2025-10-15 04:20:47
177,5,4,5,4.67,2025-10-15 04:20:47,2025-10-15 04:20:47
178,5,5,5,5.0,2025-10-15 04:20:47,2025-10-15 04:20:47
179,5,5,5,5.0,2025-10-15 04:20:47,2025-10-15 04:20:47
180,5,5,4,4.67,2025-10-15 04:22:24,2025-10-15 04:22:24
181,4,5,5,4.67,2025-10-15 04:22:24,2025-10-15 04:22:24
182,4,5,5,4.67,2025-10-15 04:22:24,2025-10-15 04:22:24
183,4,5,5,4.67,2025-10-15 04:22:25,2025-10-15 04:22:25
184,4,5,5,4.67,2025-10-15 04:22:25,2025-10-15 04:22:25
185,4,5,5,4.67,2025-10-15 04:22:26,2025-10-15 04:22:26
186,5,5,5,5.0,2025-10-15 04:22:26,2025-10-15 04:22:26
187,5,5,4,4.67,2025-10-15 04:23:41,2025-10-15 04:23:41
188,5,5,4,4.67,2025-10-15 04:23:41,2025-10-15 04:23:41
189,5,5,5,5.0,2025-10-15 04:23:42,2025-10-15 04:23:42
190,5,5,4,4.67,2025-10-15 04:23:42,2025-10-15 04:23:42
191,5,5,4,4.67,2025-10-15 04:23:42,2025-10-15 04:23:42
192,5,5,4,4.67,2025-10-15 04:23:43,2025-10-15 04:23:43
193,5,5,5,5.0,2025-10-15 04:27:12,2025-10-15 04:27:12
194,4,5,5,4.67,2025-10-15 04:27:13,2025-10-15 04:27:13
195,4,5,5,4.67,2025-10-15 04:27:13,2025-10-15 04:27:13
196,5,4,5,4.67,2025-10-15 04:27:13,2025-10-15 04:27:13
197,5,4,5,4.67,2025-10-15 04:27:14,2025-10-15 04:27:14
198,4,5,5,4.67,2025-10-15 04:27:14,2025-10-15 04:27:14
199,5,4,5,4.67,2025-10-15 04:27:14,2025-10-15 04:27:14
200,4,5,4,4.33,2025-10-15 04:33:03,2025-10-15 04:33:03
201,5,5,5,5.0,2025-10-15 04:33:04,2025-10-15 04:33:04
202,5,5,4,4.67,2025-10-15 04:33:04,2025-10-15 04:33:04
203,4,4,4,4.0,2025-10-15 04:33:05,2025-10-15 04:33:05
204,4,4,4,4.0,2025-10-15 04:33:05,2025-10-15 04:33:05
205,4,4,4,4.0,2025-10-15 04:33:06,2025-10-15 04:33:06
206,4,4,4,4.0,2025-10-15 04:33:06,2025-10-15 04:33:06
207,4,4,4,4.0,2025-10-15 04:33:07,2025-10-15 04:33:07
208,4,4,4,4.0,2025-10-15 04:33:08,2025-10-15 04:33:08
209,4,4,4,4.0,2025-10-15 04:33:10,2025-10-15 04:33:10
210,4,4,4,4.0,2025-10-15 04:33:10,2025-10-15 04:33:10
211,5,5,5,5.0,2025-10-15 04:33:12,2025-10-15 04:33:12
212,4,4,4,4.0,2025-10-15 04:33:12,2025-10-15 04:33:12
213,4,4,5,4.33,2025-10-15 04:43:26,2025-10-15 04:43:26
214,4,4,4,4.0,2025-10-15 04:43:27,2025-10-15 04:43:27
215,4,4,4,4.0,2025-10-15 04:43:29,2025-10-15 04:43:29
216,4,4,5,4.33,2025-10-15 04:43:30,2025-10-15 04:43:30
217,4,4,4,4.0,2025-10-15 04:45:50,2025-10-15 04:45:50
218,4,4,5,4.33,2025-10-15 04:53:08,2025-10-15 04:53:08
219,5,5,5,5.0,2025-10-15 04:53:09,2025-10-15 04:53:09
220,3,4,4,3.67,2025-10-15 04:53:09,2025-10-15 04:53:09
221,4,3,4,3.67,2025-10-15 04:53:10,2025-10-15 04:53:10
222,3,3,3,3.0,2025-10-15 04:53:12,2025-10-15 04:53:12
223,4,4,4,4.0,2025-10-15 04:53:13,2025-10-15 04:53:13
224,4,4,4,4.0,2025-10-15 04:53:14,2025-10-15 04:53:14
225,4,4,4,4.0,2025-10-15 04:53:16,2025-10-15 04:53:16
226,5,5,5,5.0,2025-10-15 04:53:17,2025-10-15 04:53:17
227,4,4,4,4.0,2025-10-15 04:53:17,2025-10-15 04:53:17
228,4,4,4,4.0,2025-10-15 04:53:19,2025-10-15 04:53:19
229,5,5,5,5.0,2025-10-15 04:55:03,2025-10-15 04:55:03
230,4,5,5,4.67,2025-10-15 04:55:04,2025-10-15 04:55:04
231,4,5,4,4.33,2025-10-15 04:55:04,2025-10-15 04:55:04
232,5,5,4,4.67,2025-10-15 04:55:04,2025-10-15 04:55:04
233,4,5,4,4.33,2025-10-15 04:55:04,2025-10-15 04:55:04
234,4,3,4,3.67,2025-10-15 04:55:05,2025-10-15 04:55:05
235,4,5,5,4.67,2025-10-15 04:55:05,2025-10-15 04:55:05
236,4,5,5,4.67,2025-10-15 04:55:06,2025-10-15 04:55:06
237,4,5,5,4.67,2025-10-15 04:55:06,2025-10-15 04:55:06
238,5,5,5,5.0,2025-10-15 04:55:07,2025-10-15 04:55:07
239,4,5,4,4.33,2025-10-15 04:55:08,2025-10-15 04:55:08
240,4,5,5,4.67,2025-10-15 04:55:08,2025-10-15 04:55:08
241,5,5,4,4.67,2025-10-15 04:55:09,2025-10-15 04:55:09
242,4,5,4,4.33,2025-10-15 04:55:09,2025-10-15 04:55:09
243,5,5,5,5.0,2025-10-15 04:55:09,2025-10-15 04:55:09
244,4,5,4,4.33,2025-10-15 04:55:10,2025-10-15 04:55:10
245,4,5,5,4.67,2025-10-15 05:04:57,2025-10-15 05:04:57
246,4,5,5,4.67,2025-10-15 05:04:57,2025-10-15 05:04:57
247,5,5,5,5.0,2025-10-15 05:04:59,2025-10-15 05:04:59
248,5,5,4,4.67,2025-10-15 05:07:02,2025-10-15 05:07:02
249,5,4,5,4.67,2025-10-15 05:07:05,2025-10-15 05:07:05
250,4,4,4,4.0,2025-10-15 05:10:50,2025-10-15 05:10:50
251,4,4,4,4.0,2025-10-15 05:10:51,2025-10-15 05:10:51
252,5,5,5,5.0,2025-10-15 05:10:51,2025-10-15 05:10:51
253,4,4,3,3.67,2025-10-15 05:10:51,2025-10-15 05:10:51
254,4,3,4,3.67,2025-10-15 05:10:52,2025-10-15 05:10:52
255,4,5,5,4.67,2025-10-15 05:10:52,2025-10-15 05:10:52
256,4,4,4,4.0,2025-10-15 05:10:53,2025-10-15 05:10:53
257,4,4,4,4.0,2025-10-15 05:10:53,2025-10-15 05:10:53
258,4,4,4,4.0,2025-10-15 05:10:54,2025-10-15 05:10:54
259,5,4,5,4.67,2025-10-15 05:10:54,2025-10-15 05:10:54
260,4,4,4,4.0,2025-10-15 05:10:54,2025-10-15 05:10:54
261,4,4,4,4.0,2025-10-15 05:10:55,2025-10-15 05:10:55
262,4,4,4,4.0,2025-10-15 05:10:55,2025-10-15 05:10:55
263,4,4,4,4.0,2025-10-15 05:10:55,2025-10-15 05:10:55
264,5,5,5,5.0,2025-10-15 05:10:56,2025-10-15 05:10:56
265,4,4,4,4.0,2025-10-15 05:10:56,2025-10-15 05:10:56
266,5,4,5,4.67,2025-10-15 05:10:57,2025-10-15 05:10:57
267,4,5,4,4.33,2025-10-15 05:10:58,2025-10-15 05:10:58
268,4,4,4,4.0,2025-10-15 05:10:58,2025-10-15 05:10:58
269,4,5,5,4.67,2025-10-15 05:10:58,2025-10-15 05:10:58
270,5,5,5,5.0,2025-10-15 05:10:59,2025-10-15 05:10:59
271,4,4,4,4.0,2025-10-15 05:10:59,2025-10-15 05:10:59
272,4,5,4,4.33,2025-10-15 05:11:00,2025-10-15 05:11:00
273,4,4,4,4.0,2025-10-15 05:11:00,2025-10-15 05:11:00
274,4,4,4,4.0,2025-10-15 05:12:16,2025-10-15 05:12:16
275,4,4,4,4.0,2025-10-15 05:12:16,2025-10-15 05:12:16
276,4,4,4,4.0,2025-10-15 05:12:18,2025-10-15 05:12:18
277,4,4,4,4.0,2025-10-15 05:12:18,2025-10-15 05:12:18
278,4,5,5,4.67,2025-10-15 05:15:44,2025-10-15 05:15:44
279,4,5,4,4.33,2025-10-15 05:15:44,2025-10-15 05:15:44
280,4,4,4,4.0,2025-10-15 05:15:45,2025-10-15 05:15:45
281,5,5,4,4.67,2025-10-15 05:15:45,2025-10-15 05:15:45
282,4,4,4,4.0,2025-10-15 05:15:45,2025-10-15 05:15:45
283,4,4,4,4.0,2025-10-15 05:15:46,2025-10-15 05:15:46
284,5,5,5,5.0,2025-10-15 05:15:46,2025-10-15 05:15:46
285,4,5,4,4.33,2025-10-15 05:15:46,2025-10-15 05:15:46
286,5,5,5,5.0,2025-10-15 05:15:46,2025-10-15 05:15:46
287,4,4,5,4.33,2025-10-15 05:15:47,2025-10-15 05:15:47
288,4,4,4,4.0,2025-10-15 05:15:47,2025-10-15 05:15:47
289,5,5,5,5.0,2025-10-15 05:15:47,2025-10-15 05:15:47
290,4,4,5,4.33,2025-10-15 05:15:48,2025-10-15 05:15:48
291,4,4,4,4.0,2025-10-15 05:15:48,2025-10-15 05:15:48
292,4,5,4,4.33,2025-10-15 05:15:48,2025-10-15 05:15:48
293,4,5,4,4.33,2025-10-15 05:15:48,2025-10-15 05:15:48
294,5,5,5,5.0,2025-10-15 05:15:49,2025-10-15 05:15:49
295,5,5,4,4.67,2025-10-15 05:15:49,2025-10-15 05:15:49
296,4,5,4,4.33,2025-10-15 05:15:49,2025-10-15 05:15:49
297,5,5,5,5.0,2025-10-15 05:15:50,2025-10-15 05:15:50
298,4,5,4,4.33,2025-10-15 05:15:50,2025-10-15 05:15:50
299,5,5,4,4.67,2025-10-15 05:19:25,2025-10-15 05:19:25
300,5,5,5,5.0,2025-10-15 05:21:46,2025-10-15 05:21:46
301,5,5,5,5.0,2025-10-15 05:21:46,2025-10-15 05:21:46
302,5,5,4,4.67,2025-10-15 05:21:47,2025-10-15 05:21:47
303,5,5,5,5.0,2025-10-15 05:21:47,2025-10-15 05:21:47
304,5,5,5,5.0,2025-10-15 05:21:48,2025-10-15 05:21:48
305,5,5,5,5.0,2025-10-15 05:21:49,2025-10-15 05:21:49
306,5,5,5,5.0,2025-10-15 05:21:49,2025-10-15 05:21:49
307,5,5,4,4.67,2025-10-15 05:21:49,2025-10-15 05:21:49
308,5,5,5,5.0,2025-10-15 05:21:50,2025-10-15 05:21:50
309,5,5,5,5.0,2025-10-15 05:21:50,2025-10-15 05:21:50
310,5,5,5,5.0,2025-10-15 05:21:51,2025-10-15 05:21:51
311,5,5,5,5.0,2025-10-15 05:21:51,2025-10-15 05:21:51
312,5,5,5,5.0,2025-10-15 05:21:52,2025-10-15 05:21:52
313,5,5,4,4.67,2025-10-15 05:21:53,2025-10-15 05:21:53
314,5,4,4,4.33,2025-10-15 05:21:53,2025-10-15 05:21:53
315,4,4,4,4.0,2025-10-15 05:23:08,2025-10-15 05:23:08
316,5,5,5,5.0,2025-10-15 05:23:10,2025-10-15 05:23:10
317,5,5,5,5.0,2025-10-15 05:23:11,2025-10-15 05:23:11
318,5,5,4,4.67,2025-10-15 05:23:12,2025-10-15 05:23:12
319,5,5,5,5.0,2025-10-15 06:00:23,2025-10-15 06:00:23
320,5,5,4,4.67,2025-10-15 06:00:24,2025-10-15 06:00:24
321,5,5,5,5.0,2025-10-15 06:00:24,2025-10-15 06:00:24
322,5,5,5,5.0,2025-10-15 06:00:24,2025-10-15 06:00:24
323,5,5,5,5.0,2025-10-15 06:00:25,2025-10-15 06:00:25
324,5,5,5,5.0,2025-10-15 06:00:25,2025-10-15 06:00:25
325,5,5,5,5.0,2025-10-15 06:00:26,2025-10-15 06:00:26
326,5,5,5,5.0,2025-10-15 06:00:26,2025-10-15 06:00:26
327,5,5,4,4.67,2025-10-15 06:00:26,2025-10-15 06:00:26
328,5,5,4,4.67,2025-10-15 06:00:26,2025-10-15 06:00:26
329,5,5,5,5.0,2025-10-15 07:30:38,2025-10-15 07:30:38
330,5,5,5,5.0,2025-10-15 07:30:39,2025-10-15 07:30:39
331,5,5,5,5.0,2025-10-15 07:30:39,2025-10-15 07:30:39
332,5,5,4,4.67,2025-10-15 07:30:40,2025-10-15 07:30:40
333,5,5,4,4.67,2025-10-15 07:30:40,2025-10-15 07:30:40
334,5,5,4,4.67,2025-10-15 07:32:20,2025-10-15 07:32:20
335,5,5,4,4.67,2025-10-15 07:37:53,2025-10-15 07:37:53
336,5,5,4,4.67,2025-10-15 07:38:43,2025-10-15 07:38:43
337,5,5,5,5.0,2025-10-15 07:40:21,2025-10-15 07:40:21
338,5,5,5,5.0,2025-10-15 07:40:22,2025-10-15 07:40:22
339,5,5,5,5.0,2025-10-15 07:40:22,2025-10-15 07:40:22
340,5,5,4,4.67,2025-10-15 07:40:22,2025-10-15 07:40:22
341,5,5,5,5.0,2025-10-15 07:44:03,2025-10-15 07:44:03
342,5,4,4,4.33,2025-10-15 07:44:03,2025-10-15 07:44:03
343,4,4,4,4.0,2025-10-15 07:44:03,2025-10-15 07:44:03
344,4,5,5,4.67,2025-10-15 07:44:04,2025-10-15 07:44:04
345,4,4,4,4.0,2025-10-15 07:46:39,2025-10-15 07:46:39
346,5,5,5,5.0,2025-10-15 07:48:45,2025-10-15 07:48:45
347,4,4,4,4.0,2025-10-15 07:48:45,2025-10-15 07:48:45
348,4,5,4,4.33,2025-10-15 07:48:45,2025-10-15 07:48:45
349,5,5,5,5.0,2025-10-15 07:51:26,2025-10-15 07:51:26
350,4,5,4,4.33,2025-10-15 07:51:27,2025-10-15 07:51:27
351,4,4,4,4.0,2025-10-15 07:51:27,2025-10-15 07:51:27
352,5,5,4,4.67,2025-10-15 07:51:27,2025-10-15 07:51:27
353,5,4,5,4.67,2025-10-15 07:51:28,2025-10-15 07:51:28
354,4,4,5,4.33,2025-10-15 07:52:06,2025-10-15 07:52:06
355,4,4,5,4.33,2025-10-15 07:54:30,2025-10-15 07:54:30
356,4,5,4,4.33,2025-10-15 07:54:31,2025-10-15 07:54:31
357,5,5,5,5.0,2025-10-15 07:54:31,2025-10-15 07:54:31
358,4,4,4,4.0,2025-10-15 07:54:31,2025-10-15 07:54:31
359,5,4,4,4.33,2025-10-15 07:54:32,2025-10-15 07:54:32
360,4,5,4,4.33,2025-10-15 07:59:37,2025-10-15 07:59:37
361,4,5,4,4.33,2025-10-15 07:59:37,2025-10-15 07:59:37
362,4,5,4,4.33,2025-10-15 07:59:38,2025-10-15 07:59:38
363,4,5,4,4.33,2025-10-15 07:59:38,2025-10-15 07:59:38
364,4,5,4,4.33,2025-10-15 07:59:39,2025-10-15 07:59:39
365,4,5,4,4.33,2025-10-15 07:59:40,2025-10-15 07:59:40
366,4,5,4,4.33,2025-10-15 07:59:40,2025-10-15 07:59:40
367,4,5,4,4.33,2025-10-15 07:59:41,2025-10-15 07:59:41
368,4,5,4,4.33,2025-10-15 07:59:42,2025-10-15 07:59:42
369,4,5,4,4.33,2025-10-15 07:59:43,2025-10-15 07:59:43
370,4,5,4,4.33,2025-10-15 07:59:43,2025-10-15 07:59:43
371,4,5,4,4.33,2025-10-15 07:59:43,2025-10-15 07:59:43
372,4,5,4,4.33,2025-10-15 07:59:44,2025-10-15 07:59:44
373,4,5,4,4.33,2025-10-15 07:59:44,2025-10-15 07:59:44
374,4,5,4,4.33,2025-10-15 07:59:45,2025-10-15 07:59:45
375,4,5,4,4.33,2025-10-15 07:59:45,2025-10-15 07:59:45
376,4,5,4,4.33,2025-10-15 07:59:45,2025-10-15 07:59:45
377,4,5,4,4.33,2025-10-15 07:59:46,2025-10-15 07:59:46
378,5,5,5,5.0,2025-10-15 07:59:47,2025-10-15 07:59:47
379,4,5,4,4.33,2025-10-15 07:59:47,2025-10-15 07:59:47
380,4,5,4,4.33,2025-10-15 07:59:47,2025-10-15 07:59:47
381,4,5,4,4.33,2025-10-15 07:59:48,2025-10-15 07:59:48
382,4,5,4,4.33,2025-10-15 07:59:49,2025-10-15 07:59:49
383,4,5,4,4.33,2025-10-15 07:59:50,2025-10-15 07:59:50
384,4,5,4,4.33,2025-10-15 07:59:51,2025-10-15 07:59:51
385,4,5,4,4.33,2025-10-15 07:59:54,2025-10-15 07:59:54
386,4,5,4,4.33,2025-10-15 07:59:54,2025-10-15 07:59:54
387,4,5,4,4.33,2025-10-15 07:59:55,2025-10-15 07:59:55
388,4,5,4,4.33,2025-10-15 07:59:56,2025-10-15 07:59:56
389,4,5,4,4.33,2025-10-15 07:59:57,2025-10-15 07:59:57
390,4,5,4,4.33,2025-10-15 07:59:57,2025-10-15 07:59:57
391,4,5,4,4.33,2025-10-15 07:59:59,2025-10-15 07:59:59
392,4,5,4,4.33,2025-10-15 07:59:59,2025-10-15 07:59:59
393,4,5,4,4.33,2025-10-15 08:00:01,2025-10-15 08:00:01
394,4,5,4,4.33,2025-10-15 08:00:01,2025-10-15 08:00:01
395,4,5,4,4.33,2025-10-15 08:00:01,2025-10-15 08:00:01
396,4,5,4,4.33,2025-10-15 08:00:02,2025-10-15 08:00:02
397,4,5,4,4.33,2025-10-15 08:00:02,2025-10-15 08:00:02
398,4,5,4,4.33,2025-10-15 08:00:03,2025-10-15 08:00:03
399,4,5,4,4.33,2025-10-15 08:00:05,2025-10-15 08:00:05
400,4,5,4,4.33,2025-10-15 08:00:05,2025-10-15 08:00:05
401,4,5,4,4.33,2025-10-15 08:00:06,2025-10-15 08:00:06
402,4,5,4,4.33,2025-10-15 08:00:06,2025-10-15 08:00:06
403,5,5,5,5.0,2025-10-15 08:00:06,2025-10-15 08:00:06
404,4,5,4,4.33,2025-10-15 08:00:07,2025-10-15 08:00:07
405,4,5,4,4.33,2025-10-15 08:00:08,2025-10-15 08:00:08
406,5,5,5,5.0,2025-10-15 08:00:08,2025-10-15 08:00:08
407,4,5,4,4.33,2025-10-15 08:00:09,2025-10-15 08:00:09
408,4,5,4,4.33,2025-10-15 08:00:09,2025-10-15 08:00:09
409,4,5,4,4.33,2025-10-15 08:00:09,2025-10-15 08:00:09
410,4,5,4,4.33,2025-10-15 08:00:10,2025-10-15 08:00:10
411,4,5,4,4.33,2025-10-15 08:00:10,2025-10-15 08:00:10
412,4,5,4,4.33,2025-10-15 08:00:11,2025-10-15 08:00:11
413,4,5,4,4.33,2025-10-15 08:00:11,2025-10-15 08:00:11
414,4,5,4,4.33,2025-10-15 08:00:12,2025-10-15 08:00:12
415,4,5,4,4.33,2025-10-15 08:00:12,2025-10-15 08:00:12
416,4,5,4,4.33,2025-10-15 08:00:13,2025-10-15 08:00:13
417,4,5,4,4.33,2025-10-15 08:00:14,2025-10-15 08:00:14
418,4,5,4,4.33,2025-10-15 08:00:15,2025-10-15 08:00:15
419,4,5,5,4.67,2025-10-15 08:00:15,2025-10-15 08:00:15
420,4,5,5,4.67,2025-10-15 08:00:15,2025-10-15 08:00:15
421,4,5,4,4.33,2025-10-15 08:00:16,2025-10-15 08:00:16
422,4,5,5,4.67,2025-10-15 08:00:16,2025-10-15 08:00:16
423,5,5,5,5.0,2025-10-15 08:00:17,2025-10-15 08:00:17
424,4,5,4,4.33,2025-10-15 08:00:17,2025-10-15 08:00:17
425,4,5,4,4.33,2025-10-15 08:00:18,2025-10-15 08:00:18
426,4,5,4,4.33,2025-10-15 08:00:20,2025-10-15 08:00:20
427,4,5,4,4.33,2025-10-15 08:00:21,2025-10-15 08:00:21
428,4,5,4,4.33,2025-10-15 08:00:21,2025-10-15 08:00:21
429,4,5,4,4.33,2025-10-15 08:00:22,2025-10-15 08:00:22
430,4,5,4,4.33,2025-10-15 08:00:22,2025-10-15 08:00:22
431,4,5,4,4.33,2025-10-15 08:00:22,2025-10-15 08:00:22
432,4,5,4,4.33,2025-10-15 08:00:23,2025-10-15 08:00:23
433,4,5,4,4.33,2025-10-15 08:00:23,2025-10-15 08:00:23
434,4,5,4,4.33,2025-10-15 08:00:24,2025-10-15 08:00:24
435,4,5,4,4.33,2025-10-15 08:00:25,2025-10-15 08:00:25
436,4,5,4,4.33,2025-10-15 08:00:25,2025-10-15 08:00:25
437,4,5,4,4.33,2025-10-15 08:00:26,2025-10-15 08:00:26
438,4,5,4,4.33,2025-10-15 08:00:26,2025-10-15 08:00:26
439,4,5,4,4.33,2025-10-15 08:00:27,2025-10-15 08:00:27
440,4,5,4,4.33,2025-10-15 08:00:27,2025-10-15 08:00:27
441,4,5,4,4.33,2025-10-15 08:00:28,2025-10-15 08:00:28
442,4,5,4,4.33,2025-10-15 08:00:28,2025-10-15 08:00:28
443,4,5,4,4.33,2025-10-15 08:00:28,2025-10-15 08:00:28
444,4,5,4,4.33,2025-10-15 08:00:29,2025-10-15 08:00:29
445,4,5,4,4.33,2025-10-15 08:00:29,2025-10-15 08:00:29
446,4,5,4,4.33,2025-10-15 08:00:32,2025-10-15 08:00:32
447,4,5,4,4.33,2025-10-15 08:00:32,2025-10-15 08:00:32
448,4,5,4,4.33,2025-10-15 08:00:32,2025-10-15 08:00:32
449,4,5,4,4.33,2025-10-15 08:00:34,2025-10-15 08:00:34
450,4,5,4,4.33,2025-10-15 08:00:35,2025-10-15 08:00:35
451,4,5,4,4.33,2025-10-15 08:00:35,2025-10-15 08:00:35
452,4,5,4,4.33,2025-10-15 08:00:35,2025-10-15 08:00:35
453,4,5,4,4.33,2025-10-15 08:00:36,2025-10-15 08:00:36
454,4,5,4,4.33,2025-10-15 08:00:36,2025-10-15 08:00:36
455,4,5,4,4.33,2025-10-15 08:00:37,2025-10-15 08:00:37
456,5,5,4,4.67,2025-10-15 08:00:38,2025-10-15 08:00:38
457,4,5,4,4.33,2025-10-15 08:00:39,2025-10-15 08:00:39
458,4,5,4,4.33,2025-10-15 08:00:40,2025-10-15 08:00:40
459,4,5,4,4.33,2025-10-15 08:00:41,2025-10-15 08:00:41
460,4,5,4,4.33,2025-10-15 08:00:42,2025-10-15 08:00:42
461,4,5,4,4.33,2025-10-15 08:00:42,2025-10-15 08:00:42
462,4,5,4,4.33,2025-10-15 08:00:43,2025-10-15 08:00:43
463,4,5,4,4.33,2025-10-15 08:00:43,2025-10-15 08:00:43
464,4,5,4,4.33,2025-10-15 08:00:44,2025-10-15 08:00:44
465,4,5,4,4.33,2025-10-15 08:00:46,2025-10-15 08:00:46
466,4,5,4,4.33,2025-10-15 08:00:46,2025-10-15 08:00:46
467,4,5,4,4.33,2025-10-15 08:00:47,2025-10-15 08:00:47
468,4,5,4,4.33,2025-10-15 08:00:47,2025-10-15 08:00:47
469,4,5,4,4.33,2025-10-15 08:00:48,2025-10-15 08:00:48
470,4,5,4,4.33,2025-10-15 08:00:48,2025-10-15 08:00:48
471,4,5,4,4.33,2025-10-15 08:00:48,2025-10-15 08:00:48
472,4,5,4,4.33,2025-10-15 08:00:49,2025-10-15 08:00:49
473,4,5,4,4.33,2025-10-15 08:00:49,2025-10-15 08:00:49
474,4,5,4,4.33,2025-10-15 08:00:50,2025-10-15 08:00:50
475,4,5,4,4.33,2025-10-15 08:00:50,2025-10-15 08:00:50
476,4,5,4,4.33,2025-10-15 08:00:51,2025-10-15 08:00:51
477,4,5,4,4.33,2025-10-15 08:00:51,2025-10-15 08:00:51
478,4,5,4,4.33,2025-10-15 08:00:52,2025-10-15 08:00:52
479,4,5,4,4.33,2025-10-15 08:00:54,2025-10-15 08:00:54
480,4,5,4,4.33,2025-10-15 08:00:54,2025-10-15 08:00:54
481,4,5,4,4.33,2025-10-15 08:00:55,2025-10-15 08:00:55
482,4,5,4,4.33,2025-10-15 08:00:55,2025-10-15 08:00:55
483,4,5,4,4.33,2025-10-15 08:00:57,2025-10-15 08:00:57
484,4,5,4,4.33,2025-10-15 08:00:59,2025-10-15 08:00:59
485,4,5,4,4.33,2025-10-15 08:00:59,2025-10-15 08:00:59
486,4,5,4,4.33,2025-10-15 08:01:00,2025-10-15 08:01:00
487,4,5,4,4.33,2025-10-15 08:01:00,2025-10-15 08:01:00
488,4,5,4,4.33,2025-10-15 08:01:02,2025-10-15 08:01:02
489,4,5,4,4.33,2025-10-15 08:01:02,2025-10-15 08:01:02
490,4,5,4,4.33,2025-10-15 08:01:03,2025-10-15 08:01:03
491,4,5,4,4.33,2025-10-15 08:01:03,2025-10-15 08:01:03
492,4,5,4,4.33,2025-10-15 08:01:04,2025-10-15 08:01:04
493,4,5,4,4.33,2025-10-15 08:01:04,2025-10-15 08:01:04
494,4,5,4,4.33,2025-10-15 08:01:05,2025-10-15 08:01:05
495,4,5,4,4.33,2025-10-15 08:01:06,2025-10-15 08:01:06
496,4,5,4,4.33,2025-10-15 08:01:06,2025-10-15 08:01:06
497,4,5,4,4.33,2025-10-15 08:01:06,2025-10-15 08:01:06
498,4,5,4,4.33,2025-10-15 08:01:07,2025-10-15 08:01:07
499,4,5,4,4.33,2025-10-15 08:01:07,2025-10-15 08:01:07
500,4,5,4,4.33,2025-10-15 08:01:08,2025-10-15 08:01:08
501,4,5,4,4.33,2025-10-15 08:01:09,2025-10-15 08:01:09
502,4,5,4,4.33,2025-10-15 08:01:10,2025-10-15 08:01:10
503,4,5,4,4.33,2025-10-15 08:01:10,2025-10-15 08:01:10
504,4,5,4,4.33,2025-10-15 08:01:11,2025-10-15 08:01:11
505,4,5,4,4.33,2025-10-15 08:01:11,2025-10-15 08:01:11
506,4,5,4,4.33,2025-10-15 08:01:12,2025-10-15 08:01:12
507,4,5,4,4.33,2025-10-15 08:01:13,2025-10-15 08:01:13
508,4,5,4,4.33,2025-10-15 08:01:14,2025-10-15 08:01:14
509,4,5,4,4.33,2025-10-15 08:01:15,2025-10-15 08:01:15
510,4,5,4,4.33,2025-10-15 08:01:16,2025-10-15 08:01:16
511,4,5,4,4.33,2025-10-15 08:01:17,2025-10-15 08:01:17
512,4,5,4,4.33,2025-10-15 08:01:18,2025-10-15 08:01:18
513,4,5,4,4.33,2025-10-15 08:01:18,2025-10-15 08:01:18
514,4,5,4,4.33,2025-10-15 08:01:19,2025-10-15 08:01:19
515,4,5,4,4.33,2025-10-15 08:01:19,2025-10-15 08:01:19
516,4,5,4,4.33,2025-10-15 08:01:21,2025-10-15 08:01:21
517,4,5,4,4.33,2025-10-15 08:01:22,2025-10-15 08:01:22
518,4,5,4,4.33,2025-10-15 08:01:23,2025-10-15 08:01:23
519,4,5,4,4.33,2025-10-15 08:01:24,2025-10-15 08:01:24
520,4,5,4,4.33,2025-10-15 08:01:25,2025-10-15 08:01:25
521,4,5,4,4.33,2025-10-15 08:01:25,2025-10-15 08:01:25
522,4,5,4,4.33,2025-10-15 08:01:25,2025-10-15 08:01:25
523,4,5,4,4.33,2025-10-15 08:01:26,2025-10-15 08:01:26
524,4,5,4,4.33,2025-10-15 08:01:26,2025-10-15 08:01:26
525,4,5,4,4.33,2025-10-15 08:01:27,2025-10-15 08:01:27
526,4,5,4,4.33,2025-10-15 08:01:28,2025-10-15 08:01:28
527,4,5,4,4.33,2025-10-15 08:02:44,2025-10-15 08:02:44
528,4,5,4,4.33,2025-10-15 08:02:45,2025-10-15 08:02:45
529,4,5,4,4.33,2025-10-15 08:02:46,2025-10-15 08:02:46
530,4,5,4,4.33,2025-10-15 08:02:49,2025-10-15 08:02:49
531,4,5,4,4.33,2025-10-15 08:02:50,2025-10-15 08:02:50
532,4,5,4,4.33,2025-10-15 08:02:52,2025-10-15 08:02:52
533,4,5,4,4.33,2025-10-15 08:02:55,2025-10-15 08:02:55
534,4,5,4,4.33,2025-10-15 08:02:56,2025-10-15 08:02:56
535,4,5,4,4.33,2025-10-15 08:02:59,2025-10-15 08:02:59
536,4,5,4,4.33,2025-10-15 08:02:59,2025-10-15 08:02:59
537,4,5,4,4.33,2025-10-15 08:03:00,2025-10-15 08:03:00
538,4,5,4,4.33,2025-10-15 08:03:01,2025-10-15 08:03:01
539,5,5,4,4.67,2025-10-15 08:03:01,2025-10-15 08:03:01
540,4,5,4,4.33,2025-10-15 08:03:04,2025-10-15 08:03:04
541,4,5,4,4.33,2025-10-15 08:03:05,2025-10-15 08:03:05
542,4,5,4,4.33,2025-10-15 08:03:09,2025-10-15 08:03:09
543,4,5,4,4.33,2025-10-15 08:03:10,2025-10-15 08:03:10
544,4,5,4,4.33,2025-10-15 08:03:10,2025-10-15 08:03:10
545,4,5,4,4.33,2025-10-15 08:03:12,2025-10-15 08:03:12
546,4,5,4,4.33,2025-10-15 08:03:21,2025-10-15 08:03:21
547,4,5,4,4.33,2025-10-15 08:03:21,2025-10-15 08:03:21
548,4,5,4,4.33,2025-10-15 08:03:22,2025-10-15 08:03:22
549,4,5,4,4.33,2025-10-15 08:03:25,2025-10-15 08:03:25
550,4,5,4,4.33,2025-10-15 08:03:25,2025-10-15 08:03:25
551,4,5,4,4.33,2025-10-15 08:03:26,2025-10-15 08:03:26
552,4,5,4,4.33,2025-10-15 08:03:36,2025-10-15 08:03:36
553,4,5,4,4.33,2025-10-15 08:03:37,2025-10-15 08:03:37
554,4,5,4,4.33,2025-10-15 08:03:38,2025-10-15 08:03:38
555,4,5,4,4.33,2025-10-15 08:03:39,2025-10-15 08:03:39
556,4,5,4,4.33,2025-10-15 08:03:43,2025-10-15 08:03:43
557,4,5,4,4.33,2025-10-15 08:03:43,2025-10-15 08:03:43
558,4,5,4,4.33,2025-10-15 08:03:45,2025-10-15 08:03:45
559,4,5,4,4.33,2025-10-15 08:03:45,2025-10-15 08:03:45
560,4,5,4,4.33,2025-10-15 08:03:47,2025-10-15 08:03:47
561,4,5,4,4.33,2025-10-15 08:03:47,2025-10-15 08:03:47
562,4,5,4,4.33,2025-10-15 08:03:51,2025-10-15 08:03:51
563,4,5,4,4.33,2025-10-15 08:03:52,2025-10-15 08:03:52
564,4,5,4,4.33,2025-10-15 08:03:53,2025-10-15 08:03:53
565,4,5,4,4.33,2025-10-15 08:03:57,2025-10-15 08:03:57
566,4,5,4,4.33,2025-10-15 08:04:01,2025-10-15 08:04:01
567,4,5,4,4.33,2025-10-15 08:04:02,2025-10-15 08:04:02
568,4,5,4,4.33,2025-10-15 08:04:02,2025-10-15 08:04:02
569,4,5,4,4.33,2025-10-15 08:04:03,2025-10-15 08:04:03
570,4,5,4,4.33,2025-10-15 08:04:04,2025-10-15 08:04:04
571,4,5,4,4.33,2025-10-15 08:04:08,2025-10-15 08:04:08
572,4,5,4,4.33,2025-10-15 08:04:08,2025-10-15 08:04:08
573,4,5,4,4.33,2025-10-15 08:04:09,2025-10-15 08:04:09
574,4,5,4,4.33,2025-10-15 08:04:12,2025-10-15 08:04:12
575,4,5,4,4.33,2025-10-15 08:04:13,2025-10-15 08:04:13
576,4,5,4,4.33,2025-10-15 08:04:16,2025-10-15 08:04:16
577,4,5,4,4.33,2025-10-15 08:04:17,2025-10-15 08:04:17
578,4,5,4,4.33,2025-10-15 08:04:18,2025-10-15 08:04:18
579,4,5,4,4.33,2025-10-15 08:04:22,2025-10-15 08:04:22
580,4,5,4,4.33,2025-10-15 08:04:22,2025-10-15 08:04:22
581,4,5,4,4.33,2025-10-15 08:04:25,2025-10-15 08:04:25
582,4,5,4,4.33,2025-10-15 08:04:26,2025-10-15 08:04:26
583,4,5,4,4.33,2025-10-15 08:04:26,2025-10-15 08:04:26
584,4,5,4,4.33,2025-10-15 08:04:28,2025-10-15 08:04:28
585,4,5,4,4.33,2025-10-15 08:04:32,2025-10-15 08:04:32
586,4,5,4,4.33,2025-10-15 08:06:32,2025-10-15 08:06:32
587,4,5,4,4.33,2025-10-15 08:06:33,2025-10-15 08:06:33
588,4,5,4,4.33,2025-10-15 08:06:34,2025-10-15 08:06:34
589,4,5,4,4.33,2025-10-15 08:06:35,2025-10-15 08:06:35
590,4,5,4,4.33,2025-10-15 08:06:36,2025-10-15 08:06:36
591,4,5,4,4.33,2025-10-15 08:06:39,2025-10-15 08:06:39
592,4,5,4,4.33,2025-10-15 08:06:44,2025-10-15 08:06:44
593,5,5,4,4.67,2025-10-15 08:06:45,2025-10-15 08:06:45
594,4,5,4,4.33,2025-10-15 08:06:46,2025-10-15 08:06:46
595,4,5,4,4.33,2025-10-15 08:06:47,2025-10-15 08:06:47
596,4,5,4,4.33,2025-10-15 08:06:48,2025-10-15 08:06:48
597,4,5,4,4.33,2025-10-15 08:06:48,2025-10-15 08:06:48
598,4,5,4,4.33,2025-10-15 08:06:49,2025-10-15 08:06:49
599,4,5,4,4.33,2025-10-15 08:06:49,2025-10-15 08:06:49
600,4,5,4,4.33,2025-10-15 08:06:51,2025-10-15 08:06:51
601,4,5,4,4.33,2025-10-15 08:06:52,2025-10-15 08:06:52
602,4,5,4,4.33,2025-10-15 08:06:53,2025-10-15 08:06:53
603,4,5,4,4.33,2025-10-15 08:06:53,2025-10-15 08:06:53
604,4,5,4,4.33,2025-10-15 08:06:54,2025-10-15 08:06:54
605,4,5,4,4.33,2025-10-15 08:06:54,2025-10-15 08:06:54
606,4,5,4,4.33,2025-10-15 08:06:55,2025-10-15 08:06:55
607,4,5,4,4.33,2025-10-15 08:06:55,2025-10-15 08:06:55
608,4,5,4,4.33,2025-10-15 08:06:56,2025-10-15 08:06:56
609,4,5,4,4.33,2025-10-15 08:07:00,2025-10-15 08:07:00
610,4,5,4,4.33,2025-10-15 08:07:00,2025-10-15 08:07:00
611,4,5,4,4.33,2025-10-15 08:07:01,2025-10-15 08:07:01
612,4,5,4,4.33,2025-10-15 08:07:03,2025-10-15 08:07:03
613,4,5,4,4.33,2025-10-15 08:07:07,2025-10-15 08:07:07
614,4,5,4,4.33,2025-10-15 08:07:08,2025-10-15 08:07:08
615,4,5,4,4.33,2025-10-15 08:07:09,2025-10-15 08:07:09
616,4,5,4,4.33,2025-10-15 08:07:10,2025-10-15 08:07:10
617,4,5,4,4.33,2025-10-15 08:07:12,2025-10-15 08:07:12
618,4,5,4,4.33,2025-10-15 08:07:15,2025-10-15 08:07:15
619,4,5,4,4.33,2025-10-15 08:07:15,2025-10-15 08:07:15
620,4,5,4,4.33,2025-10-15 08:07:16,2025-10-15 08:07:16
621,4,5,4,4.33,2025-10-15 08:07:16,2025-10-15 08:07:16
622,4,5,4,4.33,2025-10-15 08:07:17,2025-10-15 08:07:17
623,4,5,4,4.33,2025-10-15 08:07:17,2025-10-15 08:07:17
624,4,5,4,4.33,2025-10-15 08:07:19,2025-10-15 08:07:19
625,4,5,4,4.33,2025-10-15 08:07:21,2025-10-15 08:07:21
626,4,5,4,4.33,2025-10-15 08:07:23,2025-10-15 08:07:23
627,4,5,4,4.33,2025-10-15 08:07:27,2025-10-15 08:07:27
628,4,5,4,4.33,2025-10-15 08:07:28,2025-10-15 08:07:28
629,4,5,4,4.33,2025-10-15 08:07:28,2025-10-15 08:07:28
630,4,5,4,4.33,2025-10-15 08:07:29,2025-10-15 08:07:29
631,4,5,4,4.33,2025-10-15 08:07:30,2025-10-15 08:07:30
632,5,5,5,5.0,2025-10-15 08:07:30,2025-10-15 08:07:30
633,4,5,4,4.33,2025-10-15 08:07:31,2025-10-15 08:07:31
634,4,5,4,4.33,2025-10-15 08:07:33,2025-10-15 08:07:33
635,4,5,4,4.33,2025-10-15 08:07:35,2025-10-15 08:07:35
636,4,5,4,4.33,2025-10-15 08:07:36,2025-10-15 08:07:36
637,4,5,4,4.33,2025-10-15 08:07:37,2025-10-15 08:07:37
638,4,5,4,4.33,2025-10-15 08:07:38,2025-10-15 08:07:38
639,4,5,4,4.33,2025-10-15 08:07:38,2025-10-15 08:07:38
640,4,5,4,4.33,2025-10-15 08:07:39,2025-10-15 08:07:39
641,4,5,4,4.33,2025-10-15 08:07:40,2025-10-15 08:07:40
642,4,5,4,4.33,2025-10-15 08:07:41,2025-10-15 08:07:41
643,4,5,4,4.33,2025-10-15 08:07:42,2025-10-15 08:07:42
644,4,5,4,4.33,2025-10-15 08:07:44,2025-10-15 08:07:44
645,4,5,4,4.33,2025-10-15 08:07:47,2025-10-15 08:07:47
646,4,5,4,4.33,2025-10-15 08:07:47,2025-10-15 08:07:47
647,4,5,4,4.33,2025-10-15 08:07:48,2025-10-15 08:07:48
648,4,5,4,4.33,2025-10-15 08:07:49,2025-10-15 08:07:49
649,4,5,4,4.33,2025-10-15 08:07:53,2025-10-15 08:07:53
650,4,5,4,4.33,2025-10-15 08:07:53,2025-10-15 08:07:53
651,4,5,4,4.33,2025-10-15 08:07:54,2025-10-15 08:07:54
652,4,5,4,4.33,2025-10-15 08:07:57,2025-10-15 08:07:57
653,4,5,4,4.33,2025-10-15 08:07:59,2025-10-15 08:07:59
654,4,5,4,4.33,2025-10-15 08:08:00,2025-10-15 08:08:00
655,4,5,4,4.33,2025-10-15 08:08:01,2025-10-15 08:08:01
656,4,5,4,4.33,2025-10-15 08:08:01,2025-10-15 08:08:01
657,4,5,4,4.33,2025-10-15 08:08:02,2025-10-15 08:08:02
658,4,5,4,4.33,2025-10-15 08:08:04,2025-10-15 08:08:04
659,4,5,4,4.33,2025-10-15 08:08:05,2025-10-15 08:08:05
660,4,5,4,4.33,2025-10-15 08:08:05,2025-10-15 08:08:05
661,4,5,4,4.33,2025-10-15 08:08:06,2025-10-15 08:08:06
662,4,5,4,4.33,2025-10-15 08:08:06,2025-10-15 08:08:06
663,4,5,4,4.33,2025-10-15 08:08:08,2025-10-15 08:08:08
664,4,5,4,4.33,2025-10-15 08:08:11,2025-10-15 08:08:11
665,4,5,4,4.33,2025-10-15 08:08:12,2025-10-15 08:08:12
666,4,5,4,4.33,2025-10-15 08:08:14,2025-10-15 08:08:14
667,4,5,4,4.33,2025-10-15 08:08:14,2025-10-15 08:08:14
668,4,5,4,4.33,2025-10-15 08:08:15,2025-10-15 08:08:15
669,4,5,4,4.33,2025-10-15 08:08:16,2025-10-15 08:08:16
670,4,5,4,4.33,2025-10-15 08:08:18,2025-10-15 08:08:18
671,4,5,4,4.33,2025-10-15 08:08:19,2025-10-15 08:08:19
672,4,5,4,4.33,2025-10-15 08:08:19,2025-10-15 08:08:19
673,4,5,5,4.67,2025-10-15 08:09:46,2025-10-15 08:09:46
674,4,5,4,4.33,2025-10-15 08:09:56,2025-10-15 08:09:56
675,4,5,4,4.33,2025-10-15 08:09:58,2025-10-15 08:09:58
676,4,5,4,4.33,2025-10-15 08:09:59,2025-10-15 08:09:59
677,4,5,4,4.33,2025-10-15 08:10:05,2025-10-15 08:10:05
678,4,5,4,4.33,2025-10-15 08:10:12,2025-10-15 08:10:12
679,4,5,4,4.33,2025-10-15 08:10:17,2025-10-15 08:10:17
680,4,5,4,4.33,2025-10-15 08:10:18,2025-10-15 08:10:18
681,4,5,4,4.33,2025-10-15 08:10:20,2025-10-15 08:10:20
682,4,5,4,4.33,2025-10-15 08:10:29,2025-10-15 08:10:29
683,4,5,4,4.33,2025-10-15 08:10:35,2025-10-15 08:10:35
684,4,5,4,4.33,2025-10-15 08:10:36,2025-10-15 08:10:36
685,4,5,4,4.33,2025-10-15 08:10:38,2025-10-15 08:10:38
686,4,5,4,4.33,2025-10-15 08:11:00,2025-10-15 08:11:00
687,4,5,4,4.33,2025-10-15 08:11:23,2025-10-15 08:11:23
688,4,5,4,4.33,2025-10-15 08:11:26,2025-10-15 08:11:26
689,4,5,4,4.33,2025-10-15 08:15:38,2025-10-15 08:15:38
690,4,5,4,4.33,2025-10-15 08:15:39,2025-10-15 08:15:39
691,5,4,4,4.33,2025-10-15 08:15:40,2025-10-15 08:15:40
692,5,4,4,4.33,2025-10-15 08:15:40,2025-10-15 08:15:40
693,4,4,5,4.33,2025-10-15 08:15:40,2025-10-15 08:15:40
694,4,5,4,4.33,2025-10-15 08:15:41,2025-10-15 08:15:41
695,4,5,4,4.33,2025-10-15 08:15:41,2025-10-15 08:15:41
696,4,4,5,4.33,2025-10-15 08:15:42,2025-10-15 08:15:42
697,5,5,5,5.0,2025-10-15 08:15:42,2025-10-15 08:15:42
698,4,5,4,4.33,2025-10-15 08:15:42,2025-10-15 08:15:42
699,5,4,4,4.33,2025-10-15 08:15:42,2025-10-15 08:15:42
701,4,4,5,4.33,2025-10-15 08:15:43,2025-10-15 08:15:43
702,5,4,4,4.33,2025-10-15 08:15:44,2025-10-15 08:15:44
703,5,4,4,4.33,2025-10-15 08:15:44,2025-10-15 08:15:44
704,4,4,5,4.33,2025-10-15 08:15:46,2025-10-15 08:15:46
705,4,5,4,4.33,2025-10-15 08:17:07,2025-10-15 08:17:07
706,4,4,5,4.33,2025-10-15 08:17:09,2025-10-15 08:17:09
707,4,5,4,4.33,2025-10-15 08:17:12,2025-10-15 08:17:12
708,4,5,4,4.33,2025-10-15 08:17:13,2025-10-15 08:17:13
709,4,5,4,4.33,2025-10-15 08:17:13,2025-10-15 08:17:13
710,4,4,5,4.33,2025-10-15 08:17:14,2025-10-15 08:17:14
711,4,4,5,4.33,2025-10-15 08:17:14,2025-10-15 08:17:14
712,5,5,5,5.0,2025-10-15 08:17:54,2025-10-15 08:17:54
713,5,5,5,5.0,2025-10-15 08:21:16,2025-10-15 08:21:16
714,4,4,5,4.33,2025-10-15 08:21:16,2025-10-15 08:21:16
715,4,4,4,4.0,2025-10-15 08:21:16,2025-10-15 08:21:16
716,4,4,5,4.33,2025-10-15 08:21:17,2025-10-15 08:21:17
717,4,4,4,4.0,2025-10-15 08:21:17,2025-10-15 08:21:17
718,4,4,4,4.0,2025-10-15 08:23:48,2025-10-15 08:23:48
719,5,5,5,5.0,2025-10-15 08:23:49,2025-10-15 08:23:49
724,4,4,4,4.0,2025-10-25 21:00:02,2025-10-25 21:00:02
725,4,4,4,4.0,2025-10-25 21:00:34,2025-10-25 21:00:34
721,4,4,4,4.0,2025-10-25 16:57:03,2025-10-25 16:57:03
722,4,4,4,4.0,2025-10-25 16:58:21,2025-10-25 16:58:21
723,4,4,4,4.0,2025-10-25 17:04:05,2025-10-25 17:04:05
726,4,4,4,4.0,2025-10-25 22:15:56,2025-10-25 22:15:56
727,4,4,4,4.0,2025-10-25 22:16:46,2025-10-25 22:16:46
728,4,4,4,4.0,2025-10-27 03:34:38,2025-10-27 03:34:38
729,4,4,4,4.0,2025-10-27 03:36:57,2025-10-27 03:36:57
730,4,4,4,4.0,2025-10-27 03:38:40,2025-10-27 03:38:40
731,4,4,4,4.0,2025-10-28 06:58:22,2025-10-28 06:58:22
734,4,4,4,4.0,2025-10-29 11:01:58,2025-10-29 11:01:58
